trade_id,date,symbol,signal,entry_price,exit_price,pnl,pnl_percent,holding_days,status,confidence
41daa2c9,2025-10-07,ADANIENT,SELL,2578.78,2534.7110614013673,-308.4825701904306,-1.7089064828575116,1,TIME_EXIT,40
b7889956,2025-10-07,INFY,SELL,1426.51,1402.5667044067384,-335.20613830566253,-1.6784526987726416,1,TIME_EXIT,39
233a2b64,2025-10-07,HCLTECH,SELL,1373.55,1381.8343634033204,115.98108764648578,0.6031351900782944,1,TIME_EXIT,39
b3c2d024,2025-10-07,AMBUJACEM,SELL,572.4,565.7248434448243,-226.95532287597393,-1.1661699083116186,1,TIME_EXIT,35
12a049d8,2025-10-07,TCS,SELL,2892.23,2863.6512982177737,-171.47221069335774,-0.9881199552672606,1,TIME_EXIT,35
cc14b886,2025-10-08,ADANIENT,SELL,2547.42,2516.6644940185547,-215.28854187011757,-1.2073197973418346,1,TIME_EXIT,44
9457b46d,2025-10-08,HCLTECH,SELL,1388.76,1400.9219009399417,170.26661315918045,0.8757381361748221,1,TIME_EXIT,38
9859decf,2025-10-08,YESBANK,SELL,22.28,21.984900913238526,-264.703880825043,-1.3245021847462966,1,TIME_EXIT,36
835df1f2,2025-10-08,DIVISLAB,SELL,6119.76,6211.0235250000005,273.7905750000009,1.4912925506882673,1,TARGET_HIT,35
bf2136de,2025-10-08,TCS,SELL,2878.01,2920.9194,257.4563999999973,1.4909399202921303,1,TARGET_HIT,34
eb8e6711,2025-10-09,ADANIENT,SELL,2529.28,2534.9105126953127,39.41358886718763,0.2226132612961996,1,TIME_EXIT,41
ff705abb,2025-10-09,YESBANK,SELL,22.1,22.36395007610321,238.87481887340533,1.1943442357611325,1,TIME_EXIT,36
a82248e6,2025-10-09,DIVISLAB,SELL,6135.8,6116.67,-57.39000000000033,-0.3117767854232554,1,TIME_EXIT,35
a3b9084e,2025-10-09,KOTAKBANK,SELL,424.62,427.84771339416505,151.70252952575737,0.7601416311443291,1,TIME_EXIT,34
a00ee435,2025-10-09,HCLTECH,SELL,1407.94,1428.9387000000002,293.9818000000014,1.491448499225826,1,TARGET_HIT,33
36b4e082,2025-10-10,ADANIENT,SELL,2547.62,2543.3853662109377,-29.642436523435208,-0.1662192080868486,1,TIME_EXIT,42
85cfdde5,2025-10-10,AMBUJACEM,SELL,564.52,565.030051574707,17.851805114747208,0.0903513736815459,1,TIME_EXIT,36
5b44ea9f,2025-10-10,YESBANK,SELL,22.48,22.812825000000004,295.8814250000029,1.4805382562277725,1,TARGET_HIT,35
0d9fa572,2025-10-10,INDUSINDBK,SELL,749.81,760.99275,290.75150000000144,1.4914111574932392,1,TARGET_HIT,34
0752fdd3,2025-10-10,BHEL,SELL,239.64,239.04089939117432,-49.72535053253023,-0.2500002540584483,1,TIME_EXIT,34
9cea30d7,2025-10-13,ADANIENT,SELL,2556.13,2519.9545880126952,-253.2278839111341,-1.415241477831913,1,TIME_EXIT,46
682ddf71,2025-10-13,BHEL,SELL,240.24,234.262875,-496.1013750000001,-2.4879807692307696,1,STOP_LOSS,36
ef9e1ac8,2025-10-13,AUROPHARMA,SELL,1133.13,1133.9580487060548,14.076828002929688,0.0730762318581881,1,TIME_EXIT,34
9c4c2a54,2025-10-13,DIVISLAB,SELL,6490.69,6587.480025,290.3700750000007,1.491213183806348,1,TARGET_HIT,33
bcb515bb,2025-10-13,AMBUJACEM,SELL,567.86,562.5485998535156,-185.89900512695408,-0.9353362002050508,1,TIME_EXIT,32
4b7608fa,2025-10-14,ADANIENT,SELL,2532.59,2509.5853125000003,-161.03281249999873,-0.9083462976636492,1,TIME_EXIT,43
c2ace5df,2025-10-14,BHEL,SELL,235.45,231.85890243530275,-301.65219543456783,-1.525206016010718,1,TIME_EXIT,37
d42dd216,2025-10-14,AMBUJACEM,SELL,565.37,559.4219146728516,-208.18298645019468,-1.052069499115344,1,TIME_EXIT,33
80bac11d,2025-10-14,ASIANPAINT,SELL,2324.53,2288.843871459961,-285.4890283203131,-1.5351975900521453,1,TIME_EXIT,32
be8a377e,2025-10-14,UPL,SELL,675.48,668.2751371765137,-208.94102188110375,-1.0666285935166604,1,TIME_EXIT,31
5e31bba5,2025-10-15,ADANIENT,SELL,2522.16,2525.3390423583987,22.25329650879212,0.126044436451251,1,TIME_EXIT,42
eff181b4,2025-10-15,BHEL,SELL,233.02,236.497275,295.56837499999926,1.492264612479612,1,TARGET_HIT,36
f2662491,2025-10-15,UPL,SELL,671.62,675.9558993530273,125.74108123779295,0.6455881827562228,1,TIME_EXIT,33
65eaf4d4,2025-10-15,TCS,SELL,2865.04,2870.562200317383,33.1332019042984,0.1927442659573013,1,TIME_EXIT,32
d57d9e8a,2025-10-15,TATASTEEL,SELL,167.48,169.98397500000002,297.973025000003,1.4950889658466835,1,TARGET_HIT,32
d6603b27,2025-10-16,ADANIENT,SELL,2538.0,2550.065888671875,84.4612207031264,0.4754093251329865,1,TIME_EXIT,41
5a343121,2025-10-16,ASIANPAINT,SELL,2356.88,2379.2876055908205,179.26084472656294,0.9507317127227676,1,TIME_EXIT,34
caf31da0,2025-10-16,UPL,SELL,679.34,678.6990243530274,-18.58829376220558,-0.0943527021774967,1,TIME_EXIT,32
c48e9958,2025-10-16,AMBUJACEM,SELL,565.62,565.4767469787598,-5.013855743406452,-0.0253267248753906,1,TIME_EXIT,31
ff1ca5bd,2025-10-16,TATASTEEL,SELL,170.16,170.05793575286867,-11.941516914364882,-0.0599813394048682,1,TIME_EXIT,31
9a055a6f,2025-10-17,ADANIENT,SELL,2562.85,2541.889846801758,-146.72107238769468,-0.8178454922544081,1,TIME_EXIT,39
d5e44092,2025-10-17,BHEL,SELL,236.76,230.871375,-494.6444999999992,-2.4871705524581817,1,STOP_LOSS,34
918e0c4c,2025-10-17,WIPRO,SELL,248.04,241.863825,-494.0939999999978,-2.4899915336235976,1,STOP_LOSS,32
99679794,2025-10-17,TRENT,SELL,4798.29,4795.278145751953,-12.047416992187207,-0.0627693250730323,1,TIME_EXIT,31
9a5d51ac,2025-10-17,UPL,SELL,682.1,672.4646493530274,-279.4251687622053,-1.4126008865228847,1,TIME_EXIT,31
05414b84,2025-10-20,ADANIENT,SELL,2554.63,2540.594022216797,-98.25184448242226,-0.5494329035203994,1,TIME_EXIT,39
9f8580ac,2025-10-20,BHEL,SELL,233.2,233.1755945205689,-2.074465751645534,-0.0104654714541697,1,TIME_EXIT,34
c65b669a,2025-10-20,TCS,SELL,2877.57,2920.4805,257.46299999999974,1.4912061218319608,1,TARGET_HIT,32
52ee47e2,2025-10-20,BANKBARODA,SELL,256.85,260.68665,295.42204999999717,1.493731750048652,1,TARGET_HIT,32
b3a4dea3,2025-10-20,JIOFIN,SELL,310.07,314.701275,296.40160000000105,1.4936224078433955,1,TARGET_HIT,32
94206991,2025-10-21,BHEL,SELL,234.34,234.0135060882569,-27.75198249816711,-0.1393248748583863,1,TIME_EXIT,35
25b2fe2f,2025-10-21,TRENT,SELL,4807.2,4772.070684814454,-140.5172607421846,-0.7307645861529819,1,TIME_EXIT,32
d72a696f,2025-10-21,UPL,SELL,682.5,679.2476371765138,-94.31852188110088,-0.4765366774338809,1,TIME_EXIT,32
fbab994e,2025-10-21,TATASTEEL,SELL,168.9,168.8655658721924,-4.063227081296816,-0.0203872870382475,1,TIME_EXIT,32
1484174e,2025-10-23,TRENT,SELL,4795.99,4764.30158203125,-126.75367187499796,-0.6607273569951041,1,TIME_EXIT,47
a4dc4979,2025-10-23,WIPRO,SELL,235.87,239.390025,295.68210000000033,1.4923580786026216,1,TARGET_HIT,43
2b3f8fc0,2025-10-23,VEDL,SELL,469.01,474.1236099243165,214.77161682129088,1.090298698176254,1,TIME_EXIT,39
985ea529,2025-10-23,POWERGRID,SELL,281.38,280.99137863159183,-27.59211715697984,-0.1381126478101381,1,TIME_EXIT,38
a6a47e3b,2025-10-24,TRENT,SELL,4788.18,4770.576870117187,-70.41251953125175,-0.3676371791121665,1,TIME_EXIT,36
b1b4362b,2025-10-24,UPL,SELL,677.34,670.3698628234864,-202.1339781188949,-1.0290455571077477,1,TIME_EXIT,34
a6fa958f,2025-10-24,BHEL,SELL,234.88,229.026,-497.5899999999987,-2.492336512261574,1,STOP_LOSS,33
181ebd59,2025-10-24,M&M,SELL,3594.91,3578.3593176269533,-82.75341186523292,-0.4603921203325419,1,TIME_EXIT,32
b941d44d,2025-10-24,JIOFIN,SELL,309.82,305.1851371765137,-296.6312207031224,-1.495985676678809,1,TIME_EXIT,32
e98815d7,2025-10-27,JIOFIN,SELL,306.71,304.78611282348635,-125.052666473386,-0.6272658786846308,1,TIME_EXIT,35
5279beed,2025-10-27,BHEL,SELL,231.52,234.9711,296.7945999999997,1.4906271596406344,1,TARGET_HIT,35
7ffd26c8,2025-10-27,TRENT,SELL,4794.49,4779.640579833985,-59.39768066406032,-0.3097184510973029,1,TIME_EXIT,34
332ed192,2025-10-27,INDUSINDBK,SELL,755.71,766.987725,293.2208499999979,1.4923350226938796,1,TARGET_HIT,33
0358dd4a,2025-10-28,TRENT,SELL,4803.6,4684.050525000001,-478.1978999999992,-2.4887475018735903,1,STOP_LOSS,37
f2ee9b2e,2025-10-28,BHEL,SELL,235.59,236.74664634704592,97.15829315185738,0.4909573186662936,1,TIME_EXIT,36
1a3f4816,2025-10-28,UPL,SELL,681.55,691.7163750000001,294.8248750000038,1.4916550509867406,1,TARGET_HIT,35
25a38467,2025-10-28,JIOFIN,SELL,306.31,307.1801371765137,56.55891647339104,0.2840707703025393,1,TIME_EXIT,34
095a76be,2025-10-29,TRENT,SELL,4730.22,4761.6125207519535,125.57008300781308,0.6636587886388639,1,TIME_EXIT,37
a403d414,2025-10-29,BHEL,SELL,237.93,241.484775,298.60110000000054,1.4940423654015913,1,TARGET_HIT,35
d91901ae,2025-10-29,UPL,SELL,704.36,714.858375,293.9545000000003,1.4904842694076907,1,TARGET_HIT,35
9adae328,2025-10-29,LUPIN,SELL,1923.5,1952.177325,286.7732500000011,1.4908929035612224,1,TARGET_HIT,34
0116c024,2025-10-30,TRENT,SELL,4785.48,4725.655762939454,-239.2969482421831,-1.2501198847460608,1,TIME_EXIT,40
53c7b8ec,2025-10-30,JIOFIN,SELL,310.52,309.02548782348634,-95.64877929687282,-0.4812933712848247,1,TIME_EXIT,34
cbb6a6c6,2025-10-30,LUPIN,SELL,1960.79,1940.9355487060548,-198.54451293945203,-1.012574079526375,1,TIME_EXIT,32
48617a6e,2025-10-30,AMBUJACEM,SELL,570.36,563.6900871276856,-233.44695053100395,-1.1694215709927762,1,TIME_EXIT,32
33a0711f,2025-10-31,TRENT,SELL,4749.34,4675.65510131836,-294.73959472656134,-1.5514765984671623,1,TIME_EXIT,42
1c5e5b39,2025-10-31,JIOFIN,SELL,310.57,306.03298782348634,-290.368779296874,-1.4608662061736988,1,TIME_EXIT,35
a96d8475,2025-10-31,LUPIN,SELL,1950.66,1958.59125,79.31250000000091,0.4065931530866523,1,TIME_EXIT,32
c6e0e1f7,2025-10-31,AMBUJACEM,SELL,566.52,561.2086354064942,-185.897760772703,-0.9375422921531102,1,TIME_EXIT,32
646ac182,2025-11-03,TRENT,SELL,4699.09,4694.67919921875,-17.643203125000582,-0.0938649989944892,1,TIME_EXIT,41
9c51a282,2025-11-03,JIOFIN,SELL,307.57,306.03298782348634,-99.90579147338764,-0.4997275990875755,1,TIME_EXIT,35
e5d90c45,2025-11-03,TECHM,SELL,1391.79,1380.3784176635745,-159.76215270995954,-0.8199212766599618,1,TIME_EXIT,34
3dd2269f,2025-11-03,AMBUJACEM,SELL,564.02,572.435325,294.53637500000184,1.4920259919861092,1,TARGET_HIT,33
daff7e28,2025-11-04,TRENT,SELL,4718.21,4642.088836669922,-304.48465332031265,-1.6133483530847113,1,TIME_EXIT,41
7ae495a1,2025-11-04,JIOFIN,SELL,307.57,301.1452439117432,-417.609145736692,-2.088876056916084,1,TIME_EXIT,35
83ee5e82,2025-11-04,TECHM,SELL,1387.3,1370.072703552246,-241.1821502685534,-1.241785947362057,1,TIME_EXIT,34
25444e9a,2025-11-04,TCS,SELL,2930.61,2890.2803594970705,-241.97784301757747,-1.3761517398401557,1,TIME_EXIT,34
4bbc0877,2025-11-06,TRENT,SELL,4665.36,4660.615158691407,-18.97936523437238,-0.101703647919841,1,TIME_EXIT,42
8635978b,2025-11-06,TCS,SELL,2904.77,2910.288563232422,33.11137939453147,0.1899827949346045,1,TIME_EXIT,36
e4599666,2025-11-06,TECHM,SELL,1376.94,1374.3505563354493,-36.25221130371119,-0.1880578430832715,1,TIME_EXIT,34
d869ca8f,2025-11-06,AMBUJACEM,SELL,566.02,554.2605340576172,-411.5813079833981,-2.0775707470377025,1,TIME_EXIT,34
1612562e,2025-11-06,JIOFIN,SELL,302.65,297.35475608825686,-349.4860981750455,-1.749626271846395,1,TIME_EXIT,34
da02cc67,2025-11-07,TRENT,SELL,4683.98,4608.920987548829,-300.2360498046837,-1.6024622746290746,1,TIME_EXIT,42
bb109da0,2025-11-07,TCS,SELL,2924.88,2891.8272637939453,-198.31641723632856,-1.130054436628332,1,TIME_EXIT,35
ec88c326,2025-11-07,TECHM,SELL,1381.24,1346.8644000000002,-481.2583999999979,-2.4887492398134903,1,STOP_LOSS,34
0c057a27,2025-11-07,JIOFIN,SELL,298.85,298.55173782348635,-19.685303649902497,-0.0998033048397771,1,TIME_EXIT,33
14b31027,2025-11-10,TRENT,SELL,4632.02,4516.739850000001,-461.1205999999984,-2.4887662402148436,1,STOP_LOSS,43
5ec52fa0,2025-11-10,TCS,SELL,2906.32,2924.1108544921876,106.74512695312478,0.6121436900337012,1,TIME_EXIT,35
b9de6376,2025-11-10,AMBUJACEM,SELL,557.44,551.977498626709,-191.18754806518663,-0.9799263370570908,1,TIME_EXIT,34
8cf5895d,2025-11-10,TECHM,SELL,1354.96,1358.9892755126957,56.409857177736285,0.2973722849896269,1,TIME_EXIT,33
fc4b2af6,2025-11-10,TATASTEEL,SELL,178.15,177.3684558105469,-87.53294921874885,-0.4387000782784814,1,TIME_EXIT,33
22028a8a,2025-11-11,TCS,SELL,2938.77,2945.182554931641,38.47532958984539,0.2182054033368007,1,TIME_EXIT,35
cc0dd33f,2025-11-11,TECHM,SELL,1365.8,1368.906071777344,43.48500488281479,0.2274177608247118,1,TIME_EXIT,34
9e2ede9e,2025-11-11,TATASTEEL,SELL,178.26,176.93842700958254,-148.0161749267545,-0.741373830594329,1,TIME_EXIT,33
28e16a1c,2025-11-11,INFY,SELL,1485.15,1494.1420019531251,116.89602539062572,0.6054608593828942,1,TIME_EXIT,33
c34fdaf4,2025-11-12,TCS,SELL,2959.95,3004.09095,264.8457000000026,1.4912735012415896,1,TARGET_HIT,35
22d7aff8,2025-11-12,TECHM,SELL,1375.77,1396.28055,287.14769999999953,1.4908414924006168,1,TARGET_HIT,33
c3b1f962,2025-11-12,TATASTEEL,SELL,177.83,174.56348934173585,-365.8491937255867,-1.8368726639285649,1,TIME_EXIT,32
0d8074e0,2025-11-12,JIOFIN,SELL,305.66,308.72625,199.30624999999793,1.0031571026630792,1,TIME_EXIT,32
2670a9d2,2025-11-13,TRENT,SELL,4380.27,4309.216072998047,-284.2157080078141,-1.6221357816288382,1,TIME_EXIT,48
fbeee853,2025-11-13,ADANIENT,SELL,2413.63,2405.1665936279296,-67.70725097656396,-0.350650529371548,1,TIME_EXIT,35
b583294a,2025-11-13,JIOFIN,SELL,310.27,314.900775,296.3696000000018,1.492498469075331,1,TARGET_HIT,32
455229fa,2025-11-13,WIPRO,SELL,239.65,238.55770488739017,-90.66049434661846,-0.4557876539160697,1,TIME_EXIT,32
1b78febc,2025-11-14,TATASTEEL,SELL,173.51,169.19595,-496.1157499999978,-2.4863408449080633,1,STOP_LOSS,32
6d40d35d,2025-11-14,JIOFIN,SELL,311.48,314.11274391174317,168.49561035156148,0.8452369050157789,1,TIME_EXIT,32
0e5d2dd9,2025-11-14,HDFCLIFE,SELL,781.37,769.0248289489747,-308.62927627563295,-1.5799392158676837,1,TIME_EXIT,31
e1ae17cb,2025-11-14,BANKBARODA,SELL,275.06,277.0715153503418,144.82910522461134,0.7313005709088286,1,TIME_EXIT,31
8553a0be,2025-11-17,TATASTEEL,SELL,171.17,169.24673641204834,-223.09857620239163,-1.1235985207405808,1,TIME_EXIT,33
8a7da3c1,2025-11-17,JIOFIN,SELL,315.69,311.22,-281.60999999999814,-1.4159460229972347,1,TIME_EXIT,32
1e98c876,2025-11-17,BANKBARODA,SELL,278.46,278.23102386474613,-16.257305603022985,-0.0822294531544368,1,TIME_EXIT,31
5c409da8,2025-11-17,GAIL,SELL,178.31,179.2495293045044,105.22728210449168,0.526907803546851,1,TIME_EXIT,31
9b3e8a5b,2025-11-18,TATASTEEL,SELL,170.1,168.5430404663086,-182.16426544189187,-0.9153201256269156,1,TIME_EXIT,35
1c84393e,2025-11-18,JIOFIN,SELL,312.78,304.9956,-490.41719999999674,-2.4887780548628267,1,STOP_LOSS,33
108e8866,2025-11-18,VEDL,SELL,513.53,500.745,-485.8299999999988,-2.4896305960703304,1,STOP_LOSS,32
7c62c0d4,2025-11-18,BAJAJ-AUTO,SELL,8843.41,8775.201350097657,-136.41729980468517,-0.7712935383787768,1,TIME_EXIT,31
5a88533b,2025-11-19,TRENT,SELL,4378.46,4341.5870910644535,-147.4916357421862,-0.8421433320287623,1,TIME_EXIT,38
37f3cd2f,2025-11-19,TATASTEEL,SELL,169.39,169.28583824157715,-12.291087493894338,-0.0614922713400043,1,TIME_EXIT,34
f6d41b8f,2025-11-19,JIOFIN,SELL,306.71,303.6888871765137,-196.37233352660985,-0.9850063002465864,1,TIME_EXIT,33
6dd70e97,2025-11-19,VEDL,SELL,503.57,502.1344315338135,-55.98717018127388,-0.2850782346419583,1,TIME_EXIT,33
2dd134bb,2025-11-20,YESBANK,SELL,22.99,22.573424162864686,-362.4209783077215,-1.8119871123763032,1,TIME_EXIT,35
a56272b4,2025-11-20,TATASTEEL,SELL,170.13,168.55282733917238,-184.52920131683084,-0.9270397112958408,1,TIME_EXIT,34
697db9a7,2025-11-20,VEDL,SELL,504.65,500.12314544677736,-176.54732757568215,-0.897028545174402,1,TIME_EXIT,34
b38ed810,2025-11-20,BAJAJ-AUTO,SELL,8783.1,8832.74560546875,99.29121093749929,0.5652401255678478,1,TIME_EXIT,31
f2cc5db5,2025-11-21,TRENT,SELL,4393.38,4341.786298828125,-206.37480468750073,-1.1743509819745888,1,TIME_EXIT,40
edec1f54,2025-11-21,TATASTEEL,SELL,169.4,165.186,-497.25199999999984,-2.487603305785123,1,STOP_LOSS,34
c2638c96,2025-11-21,YESBANK,SELL,22.69,22.373925304412843,-278.4618068122862,-1.393013202235161,1,TIME_EXIT,34
890566f9,2025-11-21,VEDL,SELL,502.63,490.1216250000001,-487.8266249999978,-2.4885850426755156,1,STOP_LOSS,34
f5061304,2025-11-24,TRENT,SELL,4363.55,4293.77771484375,-279.08914062500116,-1.5989798479735602,1,TIME_EXIT,39
0a844669,2025-11-24,YESBANK,SELL,22.49,22.144500761032106,-307.1488234424567,-1.53623494427698,1,TIME_EXIT,37
e88e317e,2025-11-24,TATASTEEL,SELL,165.02,161.61367572784425,-412.1652369308466,-2.0641887481249284,1,TIME_EXIT,33
559907fb,2025-11-24,AMBUJACEM,SELL,546.22,540.5627476501465,-203.66108459472525,-1.0357094851622934,1,TIME_EXIT,32
e9572ae0,2025-11-25,YESBANK,SELL,22.26,22.5834,290.4131999999995,1.4528301886792427,1,TARGET_HIT,38
0680ad68,2025-11-25,BAJAJ-AUTO,SELL,8904.7,8900.125561523439,-9.148876953124272,-0.0513710565944067,1,TIME_EXIT,33
dac95805,2025-11-25,ADANIENT,SELL,2404.12,2344.2945750000003,-478.6033999999963,-2.488454195298053,1,STOP_LOSS,33
988c7d0e,2025-11-25,AMBUJACEM,SELL,543.27,541.8034735107423,-52.79495361327781,-0.2699443166855738,1,TIME_EXIT,33
f80e0786,2025-11-26,YESBANK,SELL,22.76,22.872675304412844,98.92891727447596,0.4950584552409613,1,TIME_EXIT,38
927a17c5,2025-11-26,IOC,SELL,157.65,158.26928970336914,78.03050262451086,0.392825691956317,1,TIME_EXIT,33
fc692d78,2025-11-26,GAIL,SELL,175.21,177.82432500000002,298.0330500000009,1.4921094686376393,1,TARGET_HIT,33
94f7cd7a,2025-11-26,BAJAJ-AUTO,SELL,8944.74,9014.23020996094,138.9804199218779,0.7768835087541835,1,TIME_EXIT,32
749f6801,2025-11-27,YESBANK,SELL,22.99,22.782900152206423,-180.1768675804105,-0.9008257842260776,1,TIME_EXIT,39
d789fd2e,2025-11-27,GAIL,SELL,180.01,177.79849983215334,-245.4765186309783,-1.2285429519730302,1,TIME_EXIT,35
cfdb357e,2025-11-27,IOC,SELL,159.06,156.56798721313478,-311.50159835815214,-1.5667124273011552,1,TIME_EXIT,33
f791b446,2025-11-27,JIOFIN,SELL,308.77,305.6838871765137,-197.5112207031234,-0.9994859680300234,1,TIME_EXIT,33
dfabd034,2025-11-28,IOC,SELL,157.35,154.59906017303467,-349.36935802459584,-1.7482935029967093,1,TIME_EXIT,32
3eee7f18,2025-11-28,GAIL,SELL,178.69,174.2433,-493.5836999999992,-2.4884996362415315,1,STOP_LOSS,32
4b323d40,2025-11-28,BANKBARODA,SELL,279.58,280.01856651306156,31.138222427371716,0.1568661968172163,1,TIME_EXIT,31
e1f73e4d,2025-11-28,JIOFIN,SELL,307.22,305.4345121765137,-116.05670852661176,-0.58117564725159,1,TIME_EXIT,31
6b61f304,2025-12-01,YESBANK,SELL,22.99,22.413825,-501.2722499999993,-2.5061983471074347,1,STOP_LOSS,38
edc98f95,2025-12-01,VEDL,SELL,518.65,526.3907250000001,294.14755000000423,1.4924756579581822,1,TARGET_HIT,32
1946176d,2025-12-01,IOC,SELL,155.37,155.7651135635376,50.57453613281177,0.2543049260073321,1,TIME_EXIT,31
d1b8f3b3,2025-12-01,COALINDIA,SELL,372.17,373.7599136352539,84.2654226684586,0.427200912285766,1,TIME_EXIT,31
1167ae49,2025-12-02,YESBANK,SELL,22.51,22.84275,295.4819999999975,1.4782318969346833,1,TARGET_HIT,41
68470b3c,2025-12-02,TRENT,SELL,4220.2,4209.7130126953125,-41.94794921874927,-0.2484950311522515,1,TIME_EXIT,37
287c238c,2025-12-02,GAIL,SELL,170.53,169.28583824157715,-145.56692573547323,-0.7295852685292019,1,TIME_EXIT,35
a9a86919,2025-12-02,JIOFIN,SELL,305.51,304.08788108825684,-92.43772926330509,-0.4654901350997201,1,TIME_EXIT,32
61751250,2025-12-03,TRENT,SELL,4230.81,4171.565456542969,-236.9781738281272,-1.4003120787043566,1,TIME_EXIT,39
5dfdf375,2025-12-03,YESBANK,SELL,22.77,22.34399961948395,-374.0283340930926,-1.870884411576859,1,TIME_EXIT,39
ae179502,2025-12-03,GAIL,SELL,170.13,165.9042,-494.4185999999991,-2.4838652794921487,1,STOP_LOSS,34
416ad8e9,2025-12-03,AMBUJACEM,SELL,541.68,531.381351928711,-370.7513305664038,-1.9012420748945864,1,TIME_EXIT,33
9813b394,2025-12-04,ADANIENT,SELL,2194.29,2211.3664196777345,153.68777709961068,0.7782207309760569,1,TIME_EXIT,40
7f788043,2025-12-04,YESBANK,SELL,22.46,22.792875,296.2587500000012,1.482079252003568,1,TARGET_HIT,38
70c4a734,2025-12-04,AMBUJACEM,SELL,534.04,532.9199153137207,-41.44313339233247,-0.2097379758593468,1,TIME_EXIT,36
6a25881b,2025-12-04,GAIL,SELL,165.54,165.0585332107544,-57.77601470947047,-0.2908461938175591,1,TIME_EXIT,34
ea538c80,2025-12-05,TRENT,SELL,4220.1,4166.485415039063,-214.45833984374983,-1.270457689650422,1,TIME_EXIT,44
849b72ab,2025-12-05,BHEL,SELL,276.44,277.055625,44.32500000000164,0.2226975112140148,1,TIME_EXIT,37
997691ee,2025-12-05,AMBUJACEM,SELL,535.59,529.8428494262696,-212.64457122802617,-1.0730503881197253,1,TIME_EXIT,36
ffd56407,2025-12-05,GAIL,SELL,165.89,164.42975326538087,-175.22960815429428,-0.8802500057984926,1,TIME_EXIT,34
b7e5e8a1,2025-12-08,AMBUJACEM,SELL,532.5,525.0288038635255,-276.4342570495577,-1.403041527976438,1,TIME_EXIT,37
6acb2150,2025-12-08,BHEL,SELL,278.44,271.509525,-492.0637250000001,-2.4890371354690424,1,STOP_LOSS,36
7249e37c,2025-12-08,JIOFIN,SELL,304.51,296.93580000000003,-492.32299999999753,-2.4873403172309487,1,STOP_LOSS,34
e29153c7,2025-12-08,BEL,SELL,406.19,396.077325,-495.5210749999984,-2.48964154705925,1,STOP_LOSS,33
26fd956e,2025-12-09,TRENT,SELL,4094.68,3992.77305,-407.6277999999984,-2.4887646897925992,1,STOP_LOSS,41
2454b72d,2025-12-09,ADANIENT,SELL,2220.75,2238.5860418701172,160.52437683105518,0.8031539736628275,1,TIME_EXIT,38
ee5c0d68,2025-12-09,AMBUJACEM,SELL,527.66,529.0983773803712,53.219963073734675,0.2725954933804358,1,TIME_EXIT,36
1dfb8517,2025-12-09,BEL,SELL,385.72,386.82957458496094,56.58830383300642,0.2876632233124832,1,TIME_EXIT,35
9652a35d,2025-12-10,TRENT,SELL,4089.57,4002.340166015625,-348.91933593750036,-2.132983027173397,1,TIME_EXIT,40
6da7fcec,2025-12-10,ADANIENT,SELL,2249.81,2205.0852868652346,-357.7977050781228,-1.9879328981009663,1,TIME_EXIT,37
fd088a39,2025-12-10,BEL,SELL,388.77,384.7437073516846,-205.34092506408564,-1.0356490079778289,1,TIME_EXIT,36
a75c00c9,2025-12-10,GAIL,SELL,163.22,162.5337635421753,-83.72084785461232,-0.4204365015468025,1,TIME_EXIT,34
99ab33e7,2025-12-11,TRENT,SELL,4022.4,3922.2897,-400.4411999999993,-2.4888201073985634,1,STOP_LOSS,40
0368c154,2025-12-11,BEL,SELL,386.67,384.89268699646,-90.64296318054151,-0.4596459522435228,1,TIME_EXIT,34
25d80e37,2025-12-11,JIOFIN,SELL,291.58,295.92832500000003,295.6861000000031,1.4912974140887734,1,TARGET_HIT,33
c75c6428,2025-12-11,HEROMOTOCO,SELL,5846.41,5850.516251220703,12.318753662110794,0.0702354303017338,1,TIME_EXIT,33
cc28fd25,2025-12-12,TRENT,SELL,4051.63,4059.213251953125,30.3330078125,0.1871654606448515,1,TIME_EXIT,38
d33fe309,2025-12-12,TATASTEEL,SELL,163.43,165.8643,296.9846000000009,1.4895062106100516,1,TARGET_HIT,34
aade4e84,2025-12-12,BEL,SELL,386.82,386.82957458496094,0.4883038330081604,0.0024752042192607,1,TIME_EXIT,32
bb1218ac,2025-12-12,BANKBARODA,SELL,276.76,274.8491798400879,-137.57905151366958,-0.6904249746755592,1,TIME_EXIT,32
02740912,2025-12-15,TRENT,SELL,4079.56,4092.6796691894538,52.478676757813446,0.321595201184769,1,TIME_EXIT,34
1052d697,2025-12-15,ACC,SELL,1765.91,1762.955223083496,-32.50254608154387,-0.1673231884129988,1,TIME_EXIT,32
94bee0eb,2025-12-15,BPCL,SELL,355.92,356.03909843444825,6.669512329101053,0.0334621359991664,1,TIME_EXIT,32
e323a182,2025-12-15,BHEL,SELL,285.86,281.89350608825686,-273.68807991027785,-1.38756521085257,1,TIME_EXIT,31
827f923f,2025-12-16,YESBANK,SELL,21.81,21.446250000000003,-333.19499999999636,-1.6678129298486752,1,TIME_EXIT,37
a85bd250,2025-12-16,TATASTEEL,SELL,169.8,165.575025,-494.322075,-2.4882067137809187,1,STOP_LOSS,35
0b094337,2025-12-16,TRENT,SELL,4113.19,4092.381101074219,-83.23559570312318,-0.5059065816502715,1,TIME_EXIT,33
97c57305,2025-12-16,ACC,SELL,1771.79,1756.8063272094728,-164.82040069579898,-0.8456799502495883,1,TIME_EXIT,32
3397856c,2025-12-17,TATASTEEL,SELL,166.81,166.48084133148194,-39.16988155364936,-0.1973255011798224,1,TIME_EXIT,33
96079510,2025-12-17,JSWSTEEL,SELL,1079.11,1070.4532681274416,-155.8211737060501,-0.8022103281925234,1,TIME_EXIT,32
4cc8ffca,2025-12-17,TRENT,SELL,4112.89,4029.1331231689455,-335.0275073242192,-2.036448259765148,1,TIME_EXIT,31
50a224d7,2025-12-17,POWERGRID,SELL,258.1,257.55588203430176,-41.897083358766224,-0.2108167244084705,1,TIME_EXIT,31
3cfd25b7,2025-12-18,ACC,SELL,1753.15,1740.44231048584,-139.78458465576182,-0.724848958398321,1,TIME_EXIT,34
f7a5d1e6,2025-12-18,TRENT,SELL,4049.33,4013.9935766601566,-141.3456933593734,-0.8726486440928092,1,TIME_EXIT,32
1981eb74,2025-12-18,JSWSTEEL,SELL,1075.82,1073.3293606567383,-44.831508178708646,-0.2315107864941711,1,TIME_EXIT,32
af16886a,2025-12-18,POWERGRID,SELL,258.85,252.4074,-496.0802000000021,-2.4889318137917815,1,STOP_LOSS,32
2eb5db32,2025-12-19,ACC,SELL,1749.17,1737.0702685546876,-133.0970458984375,-0.6917413084670158,1,TIME_EXIT,36
a18909cf,2025-12-19,TATASTEEL,SELL,165.13,164.8682295227051,-31.67422775268321,-0.1585238765184415,1,TIME_EXIT,33
c8bf6e68,2025-12-19,ADANIENT,SELL,2233.87,2232.40426940918,-11.725844726559444,-0.0656139610102616,1,TIME_EXIT,32
e97ad8ef,2025-12-19,BEL,SELL,382.78,388.48635,296.73020000000224,1.4907649302471506,1,TARGET_HIT,32
b2a36a5b,2025-12-22,ACC,SELL,1745.78,1771.809375,286.3231250000008,1.4909882688540408,1,TARGET_HIT,37
63508120,2025-12-22,BEL,SELL,392.16,396.265672531128,205.28362655639685,1.0469381199326644,1,TIME_EXIT,36
465a6328,2025-12-22,TRENT,SELL,4066.35,4126.986675,242.5467000000008,1.491181895311525,1,TARGET_HIT,35
82f2cc93,2025-12-22,TATASTEEL,SELL,165.69,165.38621841430663,-36.453790283201215,-0.1833433434083791,1,TIME_EXIT,35
de44449d,2025-12-23,TRENT,SELL,4211.09,4172.760216064454,-153.3191357421856,-0.9102105140366604,1,TIME_EXIT,38
79ea3355,2025-12-23,ADANIENT,SELL,2268.14,2242.1754345703125,-207.71652343749884,-1.1447514452232823,1,TIME_EXIT,37
80aa1632,2025-12-23,TATASTEEL,SELL,166.22,167.02816040039065,96.97924804687771,0.4861992542357404,1,TIME_EXIT,35
4ea64257,2025-12-23,BEL,SELL,398.25,396.7126114654542,-76.86942672729344,-0.38603604131723,1,TIME_EXIT,34
1bf497ad,2025-12-24,ADANIENT,SELL,2253.41,2216.152276611328,-298.06178710937456,-1.6533930083150346,1,TIME_EXIT,37
01f7fab2,2025-12-24,ACC,SELL,1748.47,1725.0700708007814,-257.39922119140465,-1.33830887571526,1,TIME_EXIT,36
dde1b70f,2025-12-24,TATASTEEL,SELL,167.87,166.2169762802124,-196.70982265472412,-0.9847046641970558,1,TIME_EXIT,36
2ed5c0dd,2025-12-24,TRENT,SELL,4193.68,4256.2128,250.1311999999998,1.4911199710039855,1,TARGET_HIT,34
89c74db0,2025-12-26,YESBANK,SELL,21.74,21.466200456619266,-251.62178036689667,-1.2594275224504892,1,TIME_EXIT,36
73fb2c38,2025-12-26,ACC,SELL,1733.72,1721.0038458251954,-139.87769592285076,-0.7334606611681594,1,TIME_EXIT,35
8ebb96ff,2025-12-26,TATASTEEL,SELL,167.05,165.28848667144777,-209.6200860977166,-1.054482686951356,1,TIME_EXIT,35
9cc6253f,2025-12-26,BEL,SELL,399.3,395.7690229797363,-176.54885101318314,-0.8842917656558134,1,TIME_EXIT,32
c734632d,2025-12-29,ADANIENT,SELL,2234.48,2196.709793701172,-302.1616503906225,-1.6903353934171623,1,TIME_EXIT,37
a31bb082,2025-12-29,TRENT,SELL,4289.67,4209.215236816406,-321.8190527343759,-1.875546678033368,1,TIME_EXIT,36
41128064,2025-12-29,YESBANK,SELL,21.57,21.306600608825686,-244.1712356185891,-1.2211376503213445,1,TIME_EXIT,35
13535e9c,2025-12-29,ACC,SELL,1729.63,1710.9869586181642,-205.0734552001952,-1.0778629754245663,1,TIME_EXIT,35
7bb3a71e,2025-12-30,YESBANK,SELL,21.41,21.31657583713532,-87.16474395274864,-0.4363576032913702,1,TIME_EXIT,38
a67ff235,2025-12-30,ADANIENT,SELL,2207.72,2208.1759295654297,4.103366088868825,0.0206516028042446,1,TIME_EXIT,36
3c083c2e,2025-12-30,TATASTEEL,SELL,169.24,171.759525,297.3039499999985,1.4887290238714177,1,TARGET_HIT,35
a5ba8f54,2025-12-30,TRENT,SELL,4230.31,4190.9879699707035,-157.28812011718765,-0.9295306970244948,1,TIME_EXIT,34
8da44c9a,2025-12-31,YESBANK,SELL,21.42,21.546000380516052,117.55835502147475,0.5882370705697951,1,TIME_EXIT,37
5ce5a7c1,2025-12-31,ACC,SELL,1726.44,1723.3839889526369,-33.61612152099519,-0.17701229393220727,1,TIME_EXIT,35
55bc5ad1,2025-12-31,TATASTEEL,SELL,172.68,175.250775,295.6391249999997,1.4887508686587894,1,TARGET_HIT,35
6ca9fe81,2025-12-31,BEL,SELL,392.61,398.47132500000004,293.0662500000011,1.4929128142431476,1,TARGET_HIT,35
